{
    "best_model": "lightgbm-tuned",
    "best_metrics": {
        "MAE": 10.41394017275887,
        "RMSE": 13.237567577385674,
        "MAPE (%)": 34.78413550081986,
        "R2": -0.04519136230813503
    },
    "all_results": {
        "baseline_mean": {
            "MAE": 10.60237419924895,
            "RMSE": 14.333100535811255,
            "MAPE (%)": 35.66759987693149,
            "R2": -0.22534878885842535
        },
        "baseline_last_value": {
            "MAE": 14.111555555555558,
            "RMSE": 18.970812070580532,
            "MAPE (%)": 52.33879824641973,
            "R2": -1.1466007426169753
        },
        "linear_regression-base": {
            "MAE": 11.009009259959774,
            "RMSE": 13.386726218984672,
            "MAPE (%)": 38.2570911038254,
            "R2": -0.06887813804251564
        },
        "ridge-base": {
            "MAE": 10.986328001369714,
            "RMSE": 13.401928079737846,
            "MAPE (%)": 38.04739495204809,
            "R2": -0.07130713560813917
        },
        "random_forest-base": {
            "MAE": 10.882075661876385,
            "RMSE": 13.015910984483588,
            "MAPE (%)": 42.34468878991583,
            "R2": -0.010481975590777015
        },
        "xgboost-base": {
            "MAE": 10.442100497210467,
            "RMSE": 13.643567984294837,
            "MAPE (%)": 41.97806911010097,
            "R2": -0.11028724366843212
        },
        "lightgbm-base": {
            "MAE": 10.272260094337819,
            "RMSE": 13.051275921637911,
            "MAPE (%)": 36.038625188289494,
            "R2": -0.015980504188743083
        },
        "lightgbm-tuned": {
            "MAE": 10.41394017275887,
            "RMSE": 13.237567577385674,
            "MAPE (%)": 34.78413550081986,
            "R2": -0.04519136230813503
        },
        "ridge-tuned": {
            "MAE": 10.9981362877939,
            "RMSE": 13.401596013113943,
            "MAPE (%)": 37.60930269132315,
            "R2": -0.07125404758463638
        },
        "stacking_ensemble": {
            "MAE": 11.280067437609077,
            "RMSE": 14.150888046124615,
            "MAPE (%)": 38.64392571829302,
            "R2": -0.19439182381147546
        }
    },
    "baselines": {
        "mean": {
            "MAE": 10.60237419924895,
            "RMSE": 14.333100535811255,
            "MAPE (%)": 35.66759987693149,
            "R2": -0.22534878885842535
        },
        "last_value": {
            "MAE": 14.111555555555558,
            "RMSE": 18.970812070580532,
            "MAPE (%)": 52.33879824641973,
            "R2": -1.1466007426169753
        }
    },
    "data_shift": {
        "train_mean": 24.87175281643472,
        "test_mean": 18.72511111111111,
        "mean_shift_pct": -24.713343489253564,
        "train_std": 6.053296075611833,
        "test_std": 13.020766043691298,
        "std_shift_pct": 115.10208456762511
    }
}