,MAE,RMSE,MAPE (%),R2
lightgbm,12.52291119893392,14.374399944028696,32.52713818598386,-0.2269401485080378
lightgbm_tuned,12.52291119893392,14.374399944028696,32.52713818598386,-0.2269401485080378
linear_regression,15.738218339653713,18.81256542624089,54.12650479113525,-1.10155120450684
random_forest,13.28191611111111,14.194584568286917,42.8312066637848,-0.19643553282016368
random_forest_tuned,13.736183333333335,14.60457016542564,45.78105078324689,-0.26654751908988805
ridge,14.871852886038281,17.00347442230122,49.14378691568058,-0.7167982990971695
stacking_ensemble,15.73336667280617,18.80411494771468,54.09391290323633,-1.0996636230647892
xgboost,13.631648635864257,17.27323254266814,37.312353481899954,-0.7717040136592372
